Player Name,Player ID,Time Added
Pollo1907,398089115,2025-02-28 22:38
Nomnomnom,398039356,2025-03-01 12:07
Xamius,397039849,2025-03-01 12:08
420God,394418732,2025-03-01 12:15
Rhyno71,397400286,2025-03-01 12:16
GuaiguaiDE90,397171479,2025-03-01 12:16
Donut,396172175,2025-03-01 12:16
ill,398383735,2025-03-01 12:16
Larweezy,397236941,2025-03-01 12:17
簡一、,396156101,2025-03-01 12:17
Zeros,396711933,2025-03-01 12:38
MÖNKEY Ð ŁUFFY,395811646,01:03:2025 13:02
Erou,394762798,01:03:2025 13:02
COCO,394631394,01:03:2025 13:02
Lord McLord,395925996,01:03:2025 13:02
sxanw,396680230,01:03:2025 13:03
Lord Lowry,396549261,01:03:2025 13:03
RockyRude,394418288,01:03:2025 13:03
THULE,397432731,01:03:2025 13:04
Midnight Queso,396598270,01:03:2025 13:04
Alina,397466356,01:03:2025 13:04
Lemurrek,394763353,01:03:2025 13:04
jjs,397514724,01:03:2025 13:05
Suny_392,395204490,01:03:2025 13:05
can,398432734,01:03:2025 13:05
Azyn,395008741,01:03:2025 13:05
8娜娜,395155489,01:03:2025 13:05
Loki,396171444,01:03:2025 13:06
kitteh,395827693,01:03:2025 13:06
RivetJoint,396975318,01:03:2025 13:06
Zeros,396711933,01:03:2025 13:06
